model,mae,rmse,r2,mape
cnn,0.01265436233320024,0.01647943245963725,0.9202577527927378,0.03200966049978169
lstm,0.010275935368306049,0.014535112299644427,0.9379644336120992,0.026008322678353214
bilstm,0.010545931873711493,0.014581840868193943,0.9375649192705837,0.02658828251469754
cnn_lstm,0.009058761539557975,0.012845745590700772,0.9515467846760831,0.022927329274870588
cnn_bilstm,0.011879468689562599,0.015872544675570366,0.926022937041219,0.02961860897386118
cbams_bilstm_15,0.00835885760956591,0.01149230976918131,0.9612190346058255,0.021059971194325164
