model,mae,rmse,r2,mape
cnn,0.01832414793856582,0.023283724209918578,0.9253513250916733,0.038206303183653846
lstm,0.014238763696895647,0.01855758380679823,0.9525801614580919,0.029865669667840357
bilstm,0.01528536013390051,0.01934007414465486,0.9484968870647673,0.03232518842658262
cnn_lstm,0.013751101503790908,0.017082861208601113,0.9598173629374435,0.028833023734332094
cnn_bilstm,0.014526903662802688,0.018131045049136683,0.9547349625700436,0.030315656868903744
cbams_bilstm_15,0.012506150263912406,0.015957980268101378,0.9649350634513996,0.025959914310196987
